model_name,accuracy,precision,recall,f1_score
Random Forest,0.87,1.0,0.5652173913043478,0.7222222222222222
Neural Network,0.861,0.9878048780487805,0.5418060200668896,0.6997840172786177
SVM,0.85,1.0,0.4983277591973244,0.6651785714285714
KNN,0.819,0.8734177215189873,0.46153846153846156,0.6039387308533917
